{
    "bot_v1_baseline": 985.3191364895447,
    "bot_v2_deep": 915.9255526974792,
    "bot_v3_fast": 1112.9850447215715,
    "bot_v4_dropout": 897.4968291852608,
    "bot_random": 888.2734369061441
}