{
    "bot_v1_baseline": 976.2477560689794,
    "bot_v2_deep": 927.4168442041448,
    "bot_v3_fast": 1102.4793900607738,
    "bot_v4_dropout": 860.8004516017547,
    "bot_random": 933.0555580643476
}