{
    "bot_v1_baseline": 988.1801109989614,
    "bot_v2_deep": 1046.214084902988,
    "bot_v3_fast": 950.131511216848,
    "bot_v4_dropout": 965.1634729076109,
    "bot_random": 1050.310819973592
}